Date,Time,Source MAC,Source IP,Source Port,Dest MAC,Dest IP,Dest Port,Protocol,Good packet,Allowed
10/21/13,4:28:29,,147.32.83.53,18599,,147.32.80.105,53,udp,1,1
10/21/13,4:28:29,,147.32.83.53,52010,,147.32.80.105,53,udp,1,1
10/21/13,4:28:30,,147.32.83.53,39317,,147.32.80.105,53,udp,1,1
10/21/13,4:30:31,,147.32.83.53,33579,,147.32.80.105,53,udp,1,1
10/21/13,4:30:31,,147.32.83.53,47433,,147.32.80.105,53,udp,1,1
10/21/13,4:30:31,,147.32.83.53,3583,,147.32.80.105,53,udp,1,1
10/21/13,4:30:31,,147.32.83.53,28707,,147.32.80.105,53,udp,1,1
10/21/13,4:30:32,,147.32.83.53,15354,,147.32.80.105,53,udp,1,1
10/21/13,4:30:33,,147.32.83.53,31914,,147.32.80.105,53,udp,1,1
10/21/13,4:30:33,,147.32.83.53,61481,,147.32.80.105,53,udp,1,1
10/21/13,4:30:33,,147.32.83.53,40315,,147.32.80.105,53,udp,1,1
10/21/13,4:30:33,,147.32.83.53,7448,,147.32.80.105,53,udp,1,1
10/21/13,4:30:33,,147.32.83.53,42762,,147.32.80.105,53,udp,1,1
10/21/13,4:30:33,,147.32.83.53,55602,,147.32.80.105,53,udp,1,1
10/21/13,4:30:33,,147.32.83.53,47368,,147.32.80.105,53,udp,1,1
10/21/13,4:30:38,,147.32.83.53,30202,,147.32.80.105,53,udp,1,1
10/21/13,4:31:39,,147.32.83.53,10462,,147.32.80.105,53,udp,1,1
10/21/13,4:32:42,,147.32.83.53,21898,,147.32.80.105,53,udp,1,1
10/21/13,4:32:42,,147.32.83.53,18401,,147.32.80.105,53,udp,1,1
10/21/13,4:32:42,,147.32.83.53,28920,,147.32.80.105,53,udp,1,1
10/21/13,4:32:43,,147.32.83.53,54802,,147.32.80.9,53,udp,1,1
10/21/13,4:37:06,,147.32.83.53,2017,,147.32.80.105,53,udp,1,1
10/21/13,4:37:13,,147.32.83.53,21009,,147.32.80.105,53,udp,1,1
10/21/13,4:37:14,,147.32.83.53,6213,,147.32.80.105,53,udp,1,1
10/21/13,4:37:40,,147.32.83.53,31951,,147.32.80.105,53,udp,1,1
10/21/13,4:37:40,,147.32.83.53,24712,,147.32.80.105,53,udp,1,1
10/21/13,4:37:40,,147.32.83.53,15138,,147.32.80.105,53,udp,1,1
10/21/13,4:37:40,,147.32.83.53,41155,,147.32.80.105,53,udp,1,1
10/21/13,4:37:40,,147.32.83.53,30473,,147.32.80.105,53,udp,1,1
10/21/13,4:42:17,,147.32.83.53,28934,,147.32.80.105,53,udp,1,1
10/21/13,4:44:27,,147.32.83.53,38341,,147.32.80.105,53,udp,1,1
10/21/13,4:44:27,,147.32.83.53,58395,,147.32.80.105,53,udp,1,1
10/21/13,4:44:54,,147.32.83.53,60084,,147.32.80.105,53,udp,1,1
10/21/13,4:44:54,,147.32.83.53,60084,,147.32.80.105,53,udp,1,1
10/21/13,4:44:56,,147.32.83.53,40130,,147.32.80.105,53,udp,1,1
10/21/13,4:44:56,,147.32.83.53,40130,,147.32.80.105,53,udp,1,1
10/21/13,4:44:56,,147.32.83.53,37514,,147.32.80.105,53,udp,1,1
10/21/13,4:44:56,,147.32.83.53,37514,,147.32.80.105,53,udp,1,1
10/21/13,4:44:56,,147.32.83.53,36846,,147.32.80.105,53,udp,1,1
10/21/13,4:44:56,,147.32.83.53,36846,,147.32.80.105,53,udp,1,1
10/21/13,4:48:29,,147.32.83.53,33920,,147.32.80.105,53,udp,1,1
10/21/13,4:48:29,,147.32.83.53,33920,,147.32.80.105,53,udp,1,1
10/21/13,4:52:08,,147.32.83.53,24402,,147.32.80.105,53,udp,1,1
10/21/13,4:52:16,,147.32.83.53,29074,,147.32.80.105,53,udp,1,1
10/21/13,4:52:16,,147.32.83.53,4341,,147.32.80.105,53,udp,1,1
10/21/13,4:52:16,,147.32.83.53,63758,,147.32.80.105,53,udp,1,1
10/21/13,4:52:38,,147.32.83.53,29662,,147.32.80.105,53,udp,1,1
10/21/13,4:52:38,,147.32.83.53,64486,,147.32.80.105,53,udp,1,1
10/21/13,4:52:38,,147.32.83.53,44411,,147.32.80.105,53,udp,1,1
10/21/13,4:52:39,,147.32.83.53,9154,,147.32.80.105,53,udp,1,1
10/21/13,4:52:39,,147.32.83.53,37487,,147.32.80.105,53,udp,1,1
10/21/13,4:52:39,,147.32.83.53,63352,,147.32.80.105,53,udp,1,1
10/21/13,4:52:39,,147.32.83.53,42365,,147.32.80.105,53,udp,1,1
10/21/13,4:52:39,,147.32.83.53,60666,,147.32.80.105,53,udp,1,1
10/21/13,4:52:39,,147.32.83.53,15383,,147.32.80.105,53,udp,1,1
10/21/13,4:52:39,,147.32.83.53,1184,,147.32.80.105,53,udp,1,1
10/21/13,4:52:39,,147.32.83.53,54656,,147.32.80.105,53,udp,1,1
10/21/13,4:52:39,,147.32.83.53,40861,,147.32.80.105,53,udp,1,1
10/21/13,4:52:39,,147.32.83.53,36571,,147.32.80.105,53,udp,1,1
10/21/13,4:52:39,,147.32.83.53,2385,,147.32.80.105,53,udp,1,1
10/21/13,4:52:39,,147.32.83.53,17495,,147.32.80.105,53,udp,1,1
10/21/13,4:52:39,,147.32.83.53,25147,,147.32.80.105,53,udp,1,1
10/21/13,4:53:12,,147.32.83.53,42506,,147.32.80.105,53,udp,1,1
10/21/13,4:53:27,,147.32.83.53,43724,,147.32.80.105,53,udp,1,1
10/21/13,4:53:31,,147.32.83.53,12226,,147.32.80.105,53,udp,1,1
10/21/13,4:53:57,,147.32.83.53,11054,,147.32.80.105,53,udp,1,1
10/21/13,4:54:14,,147.32.83.53,49800,,147.32.80.105,53,udp,1,1
10/21/13,4:55:48,,147.32.83.53,27692,,147.32.80.105,53,udp,1,1
10/21/13,4:55:48,,147.32.83.53,59608,,147.32.80.105,53,udp,1,1
10/21/13,4:55:49,,147.32.83.53,24419,,147.32.80.105,53,udp,1,1
10/21/13,4:55:51,,147.32.83.53,15142,,147.32.80.105,53,udp,1,1
10/21/13,4:55:51,,147.32.83.53,65441,,147.32.80.105,53,udp,1,1
10/21/13,4:55:51,,147.32.83.53,42742,,147.32.80.105,53,udp,1,1
10/21/13,4:55:51,,147.32.83.53,15714,,147.32.80.105,53,udp,1,1
10/21/13,4:55:51,,147.32.83.53,61746,,147.32.80.105,53,udp,1,1
10/21/13,4:55:51,,147.32.83.53,62204,,147.32.80.105,53,udp,1,1
10/21/13,4:55:51,,147.32.83.53,15842,,147.32.80.105,53,udp,1,1
10/21/13,4:55:51,,147.32.83.53,18352,,147.32.80.105,53,udp,1,1
10/21/13,4:55:51,,147.32.83.53,58691,,147.32.80.105,53,udp,1,1
10/21/13,4:55:51,,147.32.83.53,4594,,147.32.80.105,53,udp,1,1
10/21/13,4:55:51,,147.32.83.53,3600,,147.32.80.105,53,udp,1,1
10/21/13,4:55:51,,147.32.83.53,8025,,147.32.80.105,53,udp,1,1
10/21/13,4:55:51,,147.32.83.53,20957,,147.32.80.105,53,udp,1,1
10/21/13,4:55:51,,147.32.83.53,51513,,147.32.80.105,53,udp,1,1
10/21/13,4:55:52,,147.32.83.53,15505,,147.32.80.105,53,udp,1,1
10/21/13,4:55:52,,147.32.83.53,40756,,147.32.80.105,53,udp,1,1
10/21/13,4:55:52,,147.32.83.53,27021,,147.32.80.105,53,udp,1,1
10/21/13,4:55:52,,147.32.83.53,20785,,147.32.80.105,53,udp,1,1
10/21/13,4:55:52,,147.32.83.53,26212,,147.32.80.105,53,udp,1,1
10/21/13,4:55:52,,147.32.83.53,8165,,147.32.80.105,53,udp,1,1
10/21/13,4:55:52,,147.32.83.53,22221,,147.32.80.105,53,udp,1,1
10/21/13,4:55:52,,147.32.83.53,53486,,147.32.80.105,53,udp,1,1
10/21/13,4:55:52,,147.32.83.53,27700,,147.32.80.105,53,udp,1,1
10/21/13,4:55:52,,147.32.83.53,59634,,147.32.80.105,53,udp,1,1
10/21/13,4:55:52,,147.32.83.53,36130,,147.32.80.105,53,udp,1,1
10/21/13,4:55:52,,147.32.83.53,30773,,147.32.80.105,53,udp,1,1
10/21/13,4:55:52,,147.32.83.53,28804,,147.32.80.105,53,udp,1,1
10/21/13,4:55:52,,147.32.83.53,52441,,147.32.80.105,53,udp,1,1
10/21/13,4:55:52,,147.32.83.53,16604,,147.32.80.105,53,udp,1,1
10/21/13,4:55:52,,147.32.83.53,36562,,147.32.80.105,53,udp,1,1
10/21/13,4:55:52,,147.32.83.53,27512,,147.32.80.105,53,udp,1,1
10/21/13,4:55:52,,147.32.83.53,31970,,147.32.80.105,53,udp,1,1
10/21/13,4:55:52,,147.32.83.53,15147,,147.32.80.105,53,udp,1,1
10/21/13,4:55:52,,147.32.83.53,32839,,147.32.80.105,53,udp,1,1
10/21/13,4:55:52,,147.32.83.53,15851,,147.32.80.105,53,udp,1,1
10/21/13,4:55:52,,147.32.83.53,9365,,147.32.80.105,53,udp,1,1
10/21/13,4:55:52,,147.32.83.53,43260,,147.32.80.105,53,udp,1,1
10/21/13,4:55:52,,147.32.83.53,43920,,147.32.80.105,53,udp,1,1
10/21/13,4:55:52,,147.32.83.53,31728,,147.32.80.105,53,udp,1,1
10/21/13,4:55:52,,147.32.83.53,48861,,147.32.80.105,53,udp,1,1
10/21/13,4:55:52,,147.32.83.53,28429,,147.32.80.105,53,udp,1,1
10/21/13,4:55:52,,147.32.83.53,3623,,147.32.80.105,53,udp,1,1
10/21/13,4:55:52,,147.32.83.53,38407,,147.32.80.105,53,udp,1,1
10/21/13,4:55:52,,147.32.83.53,23158,,147.32.80.105,53,udp,1,1
10/21/13,4:55:52,,147.32.83.53,1712,,147.32.80.105,53,udp,1,1
10/21/13,4:55:52,,147.32.83.53,27578,,147.32.80.105,53,udp,1,1
10/21/13,4:55:52,,147.32.83.53,28172,,147.32.80.105,53,udp,1,1
10/21/13,4:55:55,,147.32.83.53,44392,,147.32.80.105,53,udp,1,1
10/21/13,4:55:55,,147.32.83.53,53493,,147.32.80.105,53,udp,1,1
10/21/13,4:55:55,,147.32.83.53,52383,,147.32.80.105,53,udp,1,1
10/21/13,4:55:55,,147.32.83.53,48621,,147.32.80.105,53,udp,1,1
10/21/13,4:55:55,,147.32.83.53,52861,,147.32.80.105,53,udp,1,1
10/21/13,4:55:55,,147.32.83.53,52045,,147.32.80.105,53,udp,1,1
10/21/13,4:56:00,,147.32.83.53,35165,,147.32.80.105,53,udp,1,1
10/21/13,4:56:02,,147.32.83.53,2026,,147.32.80.105,53,udp,1,1
10/21/13,4:56:02,,147.32.83.53,1226,,147.32.80.105,53,udp,1,1
10/21/13,4:56:35,,147.32.83.53,10294,,147.32.80.105,53,udp,1,1
10/21/13,4:56:35,,147.32.83.53,57928,,147.32.80.105,53,udp,1,1
10/21/13,4:56:35,,147.32.83.53,57652,,147.32.80.105,53,udp,1,1
10/21/13,4:56:58,,147.32.83.53,24002,,147.32.80.105,53,udp,1,1
10/21/13,4:57:03,,147.32.83.53,50229,,147.32.80.105,53,udp,1,1
10/21/13,4:57:04,,147.32.83.53,28899,,147.32.80.105,53,udp,1,1
10/21/13,4:57:05,,147.32.83.53,44728,,147.32.80.105,53,udp,1,1
10/21/13,4:57:05,,147.32.83.53,22643,,147.32.80.105,53,udp,1,1
10/21/13,4:57:06,,147.32.83.53,13505,,147.32.80.105,53,udp,1,1
10/21/13,4:57:07,,147.32.83.53,5134,,147.32.80.105,53,udp,1,1
10/21/13,4:57:40,,147.32.83.53,43057,,147.32.80.105,53,udp,1,1
10/21/13,4:58:48,,147.32.83.53,13383,,147.32.80.105,53,udp,1,1
10/21/13,5:00:00,,147.32.83.53,2254,,147.32.80.105,53,udp,1,1
10/21/13,5:01:09,,147.32.83.53,7077,,147.32.80.105,53,udp,1,1
10/21/13,5:02:18,,147.32.83.53,50073,,147.32.80.105,53,udp,1,1
10/21/13,5:02:19,,147.32.83.53,15326,,147.32.80.105,53,udp,1,1
10/21/13,5:02:42,,147.32.83.53,40481,,147.32.80.105,53,udp,1,1
10/21/13,5:02:42,,147.32.83.53,55940,,147.32.80.105,53,udp,1,1
10/21/13,5:02:42,,147.32.83.53,10841,,147.32.80.105,53,udp,1,1
10/21/13,5:02:42,,147.32.83.53,23957,,147.32.80.105,53,udp,1,1
10/21/13,5:02:42,,147.32.83.53,16314,,147.32.80.105,53,udp,1,1
10/21/13,5:02:42,,147.32.83.53,22918,,147.32.80.105,53,udp,1,1
10/21/13,5:02:43,,147.32.83.53,41156,,147.32.80.105,53,udp,1,1
10/21/13,5:02:44,,147.32.83.53,36027,,147.32.80.105,53,udp,1,1
10/21/13,5:02:44,,147.32.83.53,33590,,147.32.80.105,53,udp,1,1
10/21/13,5:02:45,,147.32.83.53,1291,,147.32.80.105,53,udp,1,1
10/21/13,5:02:45,,147.32.83.53,9130,,147.32.80.105,53,udp,1,1
10/21/13,5:02:45,,147.32.83.53,18089,,147.32.80.105,53,udp,1,1
10/21/13,5:02:45,,147.32.83.53,13824,,147.32.80.105,53,udp,1,1
10/21/13,5:02:45,,147.32.83.53,25720,,147.32.80.105,53,udp,1,1
10/21/13,5:02:45,,147.32.83.53,3879,,147.32.80.105,53,udp,1,1
10/21/13,5:02:45,,147.32.83.53,58889,,147.32.80.105,53,udp,1,1
10/21/13,5:02:45,,147.32.83.53,28126,,147.32.80.105,53,udp,1,1
10/21/13,5:02:45,,147.32.83.53,58941,,147.32.80.105,53,udp,1,1
10/21/13,5:02:45,,147.32.83.53,48641,,147.32.80.105,53,udp,1,1
10/21/13,5:02:45,,147.32.83.53,30254,,147.32.80.105,53,udp,1,1
10/21/13,5:02:45,,147.32.83.53,27783,,147.32.80.105,53,udp,1,1
10/21/13,5:02:45,,147.32.83.53,12039,,147.32.80.105,53,udp,1,1
10/21/13,5:02:45,,147.32.83.53,6834,,147.32.80.105,53,udp,1,1
10/21/13,5:02:45,,147.32.83.53,42798,,147.32.80.105,53,udp,1,1
10/21/13,5:02:45,,147.32.83.53,35028,,147.32.80.105,53,udp,1,1
10/21/13,5:02:45,,147.32.83.53,53587,,147.32.80.105,53,udp,1,1
10/21/13,5:02:45,,147.32.83.53,21622,,147.32.80.105,53,udp,1,1
10/21/13,5:02:45,,147.32.83.53,59267,,147.32.80.105,53,udp,1,1
10/21/13,5:02:45,,147.32.83.53,12208,,147.32.80.105,53,udp,1,1
10/21/13,5:02:45,,147.32.83.53,29322,,147.32.80.105,53,udp,1,1
10/21/13,5:02:45,,147.32.83.53,56223,,147.32.80.105,53,udp,1,1
10/21/13,5:02:45,,147.32.83.53,37387,,147.32.80.105,53,udp,1,1
10/21/13,5:02:45,,147.32.83.53,25883,,147.32.80.105,53,udp,1,1
10/21/13,5:02:45,,147.32.83.53,63947,,147.32.80.105,53,udp,1,1
10/21/13,5:02:45,,147.32.83.53,48176,,147.32.80.105,53,udp,1,1
10/21/13,5:02:45,,147.32.83.53,34666,,147.32.80.105,53,udp,1,1
10/21/13,5:02:45,,147.32.83.53,62644,,147.32.80.105,53,udp,1,1
10/21/13,5:02:45,,147.32.83.53,10686,,147.32.80.105,53,udp,1,1
10/21/13,5:02:46,,147.32.83.53,2492,,147.32.80.105,53,udp,1,1
10/21/13,5:02:46,,147.32.83.53,34394,,147.32.80.105,53,udp,1,1
10/21/13,5:02:46,,147.32.83.53,9955,,147.32.80.105,53,udp,1,1
10/21/13,5:02:46,,147.32.83.53,42952,,147.32.80.105,53,udp,1,1
10/21/13,5:02:46,,147.32.83.53,50336,,147.32.80.105,53,udp,1,1
10/21/13,5:02:46,,147.32.83.53,29326,,147.32.80.105,53,udp,1,1
10/21/13,5:02:46,,147.32.83.53,24360,,147.32.80.105,53,udp,1,1
10/21/13,5:02:46,,147.32.83.53,6784,,147.32.80.105,53,udp,1,1
10/21/13,5:02:46,,147.32.83.53,47551,,147.32.80.105,53,udp,1,1
10/21/13,5:02:46,,147.32.83.53,46190,,147.32.80.105,53,udp,1,1
10/21/13,5:02:46,,147.32.83.53,22059,,147.32.80.105,53,udp,1,1
10/21/13,5:02:47,,147.32.83.53,3221,,147.32.80.105,53,udp,1,1
10/21/13,5:02:47,,147.32.83.53,55222,,147.32.80.105,53,udp,1,1
10/21/13,5:02:47,,147.32.83.53,22759,,147.32.80.105,53,udp,1,1
10/21/13,5:02:47,,147.32.83.53,56825,,147.32.80.105,53,udp,1,1
10/21/13,5:02:51,,147.32.83.53,32364,,147.32.80.105,53,udp,1,1
10/21/13,5:02:51,,147.32.83.53,64356,,147.32.80.105,53,udp,1,1
10/21/13,5:02:51,,147.32.83.53,54391,,147.32.80.105,53,udp,1,1
10/21/13,5:02:51,,147.32.83.53,18426,,147.32.80.105,53,udp,1,1
10/21/13,5:02:51,,147.32.83.53,57175,,147.32.80.105,53,udp,1,1
10/21/13,5:02:51,,147.32.83.53,36866,,147.32.80.105,53,udp,1,1
10/21/13,5:02:51,,147.32.83.53,59023,,147.32.80.105,53,udp,1,1
10/21/13,5:02:51,,147.32.83.53,33312,,147.32.80.105,53,udp,1,1
10/21/13,5:03:03,,147.32.83.53,61856,,147.32.80.105,53,udp,1,1
10/21/13,5:03:30,,147.32.83.53,7899,,147.32.80.105,53,udp,1,1
10/21/13,5:04:08,,147.32.83.53,46887,,147.32.80.105,53,udp,1,1
10/21/13,5:04:41,,147.32.83.53,34123,,147.32.80.105,53,udp,1,1
10/21/13,5:04:44,,147.32.83.53,32124,,147.32.80.105,53,udp,1,1
10/21/13,5:04:44,,147.32.83.53,24096,,147.32.80.105,53,udp,1,1
10/21/13,5:04:57,,147.32.83.53,52587,,147.32.80.105,53,udp,1,1
10/21/13,5:04:57,,147.32.83.53,6426,,147.32.80.105,53,udp,1,1
10/21/13,5:04:57,,147.32.83.53,4726,,147.32.80.105,53,udp,1,1
10/21/13,5:04:57,,147.32.83.53,51802,,147.32.80.105,53,udp,1,1
10/21/13,5:05:05,,147.32.83.53,56987,,147.32.80.105,53,udp,1,1
10/21/13,5:05:08,,147.32.83.53,1987,,147.32.80.105,53,udp,1,1
10/21/13,5:05:08,,147.32.83.53,21136,,147.32.80.105,53,udp,1,1
10/21/13,5:05:08,,147.32.83.53,54892,,147.32.80.105,53,udp,1,1
10/21/13,5:05:08,,147.32.83.53,62695,,147.32.80.105,53,udp,1,1
10/21/13,5:05:08,,147.32.83.53,15815,,147.32.80.105,53,udp,1,1
10/21/13,5:05:08,,147.32.83.53,56844,,147.32.80.105,53,udp,1,1
10/21/13,5:05:08,,147.32.83.53,2798,,147.32.80.105,53,udp,1,1
10/21/13,5:05:08,,147.32.83.53,39480,,147.32.80.105,53,udp,1,1
10/21/13,5:05:09,,147.32.83.53,39907,,147.32.80.105,53,udp,1,1
10/21/13,5:05:09,,147.32.83.53,59947,,147.32.80.105,53,udp,1,1
10/21/13,5:05:09,,147.32.83.53,29222,,147.32.80.105,53,udp,1,1
10/21/13,5:05:09,,147.32.83.53,59921,,147.32.80.105,53,udp,1,1
10/21/13,5:05:10,,147.32.83.53,52963,,147.32.80.105,53,udp,1,1
10/21/13,5:05:10,,147.32.83.53,16552,,147.32.80.105,53,udp,1,1
10/21/13,5:05:10,,147.32.83.53,61135,,147.32.80.105,53,udp,1,1
10/21/13,5:05:10,,147.32.83.53,24226,,147.32.80.105,53,udp,1,1
10/21/13,5:05:10,,147.32.83.53,44084,,147.32.80.105,53,udp,1,1
10/21/13,5:05:10,,147.32.83.53,9091,,147.32.80.105,53,udp,1,1
10/21/13,5:05:10,,147.32.83.53,47721,,147.32.80.105,53,udp,1,1
10/21/13,5:05:10,,147.32.83.53,35886,,147.32.80.105,53,udp,1,1
10/21/13,5:05:10,,147.32.83.53,36115,,147.32.80.105,53,udp,1,1
10/21/13,5:05:10,,147.32.83.53,60283,,147.32.80.105,53,udp,1,1
10/21/13,5:05:11,,147.32.83.53,65323,,147.32.80.105,53,udp,1,1
10/21/13,5:05:11,,147.32.83.53,41583,,147.32.80.105,53,udp,1,1
10/21/13,5:05:11,,147.32.83.53,29438,,147.32.80.105,53,udp,1,1
10/21/13,5:05:11,,147.32.83.53,64852,,147.32.80.105,53,udp,1,1
10/21/13,5:05:11,,147.32.83.53,44536,,147.32.80.105,53,udp,1,1
10/21/13,5:05:11,,147.32.83.53,31503,,147.32.80.105,53,udp,1,1
10/21/13,5:05:11,,147.32.83.53,12133,,147.32.80.105,53,udp,1,1
10/21/13,5:05:11,,147.32.83.53,61709,,147.32.80.105,53,udp,1,1
10/21/13,5:05:11,,147.32.83.53,52080,,147.32.80.105,53,udp,1,1
10/21/13,5:05:11,,147.32.83.53,43596,,147.32.80.105,53,udp,1,1
10/21/13,5:05:12,,147.32.83.53,60051,,147.32.80.9,53,udp,1,1
10/21/13,5:05:12,,147.32.83.53,64193,,147.32.80.9,53,udp,1,1
10/21/13,5:05:18,,147.32.83.53,50401,,147.32.80.105,53,udp,1,1
10/21/13,5:05:18,,147.32.83.53,53977,,147.32.80.105,53,udp,1,1
10/21/13,5:05:18,,147.32.83.53,53022,,147.32.80.105,53,udp,1,1
10/21/13,5:05:18,,147.32.83.53,57278,,147.32.80.105,53,udp,1,1
10/21/13,5:05:18,,147.32.83.53,34481,,147.32.80.105,53,udp,1,1
10/21/13,5:05:19,,147.32.83.53,24751,,147.32.80.105,53,udp,1,1
10/21/13,5:05:19,,147.32.83.53,5110,,147.32.80.105,53,udp,1,1
10/21/13,5:05:19,,147.32.83.53,3631,,147.32.80.105,53,udp,1,1
10/21/13,5:05:19,,147.32.83.53,59137,,147.32.80.105,53,udp,1,1
10/21/13,5:05:19,,147.32.83.53,18710,,147.32.80.105,53,udp,1,1
10/21/13,5:05:19,,147.32.83.53,12050,,147.32.80.105,53,udp,1,1
10/21/13,5:05:19,,147.32.83.53,48276,,147.32.80.9,53,udp,1,1
10/21/13,5:05:28,,147.32.83.53,57278,,147.32.80.105,53,udp,1,1
10/21/13,5:05:53,,147.32.83.53,1259,,147.32.80.105,53,udp,1,1
10/21/13,5:07:05,,147.32.83.53,30634,,147.32.80.105,53,udp,1,1
10/21/13,5:07:14,,147.32.83.53,4938,,147.32.80.105,53,udp,1,1
10/21/13,5:08:20,,147.32.83.53,40944,,147.32.80.105,53,udp,1,1
10/21/13,5:08:29,,147.32.83.53,41052,,147.32.80.105,53,udp,1,1
10/21/13,5:08:29,,147.32.83.53,32719,,147.32.80.105,53,udp,1,1
10/21/13,5:08:29,,147.32.83.53,18764,,147.32.80.105,53,udp,1,1
10/21/13,5:08:29,,147.32.83.53,41783,,147.32.80.105,53,udp,1,1
10/21/13,5:08:29,,147.32.83.53,63679,,147.32.80.105,53,udp,1,1
10/21/13,5:08:29,,147.32.83.53,28314,,147.32.80.105,53,udp,1,1
10/21/13,5:08:29,,147.32.83.53,63078,,147.32.80.105,53,udp,1,1
10/21/13,5:08:34,,147.32.83.53,11396,,147.32.80.105,53,udp,1,1
10/21/13,5:08:34,,147.32.83.53,57769,,147.32.80.105,53,udp,1,1
10/21/13,5:08:34,,147.32.83.53,19886,,147.32.80.105,53,udp,1,1
10/21/13,5:08:34,,147.32.83.53,49061,,147.32.80.105,53,udp,1,1
10/21/13,5:08:34,,147.32.83.53,10187,,147.32.80.105,53,udp,1,1
10/21/13,5:08:34,,147.32.83.53,15036,,147.32.80.105,53,udp,1,1
10/21/13,5:08:34,,147.32.83.53,41239,,147.32.80.105,53,udp,1,1
10/21/13,5:08:34,,147.32.83.53,55184,,147.32.80.105,53,udp,1,1
10/21/13,5:08:35,,147.32.83.53,40114,,147.32.80.105,53,udp,1,1
10/21/13,5:08:35,,147.32.83.53,43595,,147.32.80.105,53,udp,1,1
10/21/13,5:08:35,,147.32.83.53,29008,,147.32.80.105,53,udp,1,1
10/21/13,5:08:35,,147.32.83.53,29846,,147.32.80.105,53,udp,1,1
10/21/13,5:08:37,,147.32.83.53,19486,,147.32.80.105,53,udp,1,1
10/21/13,5:08:37,,147.32.83.53,9983,,147.32.80.105,53,udp,1,1
10/21/13,5:09:33,,147.32.83.53,47409,,147.32.80.105,53,udp,1,1
10/21/13,5:10:47,,147.32.83.53,2959,,147.32.80.105,53,udp,1,1
10/21/13,5:12:01,,147.32.83.53,52113,,147.32.80.105,53,udp,1,1
10/21/13,5:12:19,,147.32.83.53,36812,,147.32.80.105,53,udp,1,1
10/21/13,5:13:13,,147.32.83.53,21565,,147.32.80.105,53,udp,1,1
10/21/13,5:14:27,,147.32.83.53,52737,,147.32.80.105,53,udp,1,1
10/21/13,5:14:27,,147.32.83.53,46245,,147.32.80.105,53,udp,1,1
10/21/13,5:14:27,,147.32.83.53,49543,,147.32.80.105,53,udp,1,1
10/21/13,5:15:39,,147.32.83.53,1431,,147.32.80.105,53,udp,1,1
10/21/13,5:16:51,,147.32.83.53,22066,,147.32.80.105,53,udp,1,1
10/21/13,5:17:28,,147.32.83.53,51721,,147.32.80.105,53,udp,1,1
10/21/13,5:17:38,,147.32.83.53,43476,,147.32.80.105,53,udp,1,1
10/21/13,5:17:38,,147.32.83.53,63692,,147.32.80.105,53,udp,1,1
10/21/13,5:17:38,,147.32.83.53,32467,,147.32.80.105,53,udp,1,1
10/21/13,5:17:38,,147.32.83.53,34516,,147.32.80.105,53,udp,1,1
10/21/13,5:17:38,,147.32.83.53,52716,,147.32.80.105,53,udp,1,1
10/21/13,5:17:38,,147.32.83.53,17741,,147.32.80.105,53,udp,1,1
10/21/13,5:17:39,,147.32.83.53,47171,,147.32.80.105,53,udp,1,1
10/21/13,5:18:05,,147.32.83.53,31597,,147.32.80.105,53,udp,1,1
10/21/13,5:18:06,,147.32.83.53,8990,,147.32.80.105,53,udp,1,1
10/21/13,5:18:06,,147.32.83.53,27995,,147.32.80.105,53,udp,1,1
10/21/13,5:18:06,,147.32.83.53,25310,,147.32.80.105,53,udp,1,1
10/21/13,5:18:07,,147.32.83.53,4960,,147.32.80.105,53,udp,1,1
10/21/13,5:18:07,,147.32.83.53,42676,,147.32.80.105,53,udp,1,1
10/21/13,5:18:07,,147.32.83.53,54618,,147.32.80.105,53,udp,1,1
10/21/13,5:18:07,,147.32.83.53,53079,,147.32.80.105,53,udp,1,1
10/21/13,5:18:07,,147.32.83.53,45549,,147.32.80.105,53,udp,1,1
10/21/13,5:18:07,,147.32.83.53,22595,,147.32.80.105,53,udp,1,1
10/21/13,5:18:07,,147.32.83.53,24783,,147.32.80.105,53,udp,1,1
10/21/13,5:18:07,,147.32.83.53,9310,,147.32.80.105,53,udp,1,1
10/21/13,5:18:07,,147.32.83.53,41018,,147.32.80.105,53,udp,1,1
10/21/13,5:18:07,,147.32.83.53,41415,,147.32.80.105,53,udp,1,1
10/21/13,5:18:07,,147.32.83.53,39694,,147.32.80.105,53,udp,1,1
10/21/13,5:18:07,,147.32.83.53,57298,,147.32.80.105,53,udp,1,1
10/21/13,5:18:07,,147.32.83.53,15056,,147.32.80.105,53,udp,1,1
10/21/13,5:18:07,,147.32.83.53,22982,,147.32.80.105,53,udp,1,1
10/21/13,5:18:07,,147.32.83.53,21457,,147.32.80.105,53,udp,1,1
10/21/13,5:18:07,,147.32.83.53,49921,,147.32.80.105,53,udp,1,1
10/21/13,5:18:07,,147.32.83.53,44581,,147.32.80.105,53,udp,1,1
10/21/13,5:18:07,,147.32.83.53,42473,,147.32.80.105,53,udp,1,1
10/21/13,5:18:07,,147.32.83.53,32151,,147.32.80.105,53,udp,1,1
10/21/13,5:18:07,,147.32.83.53,27638,,147.32.80.105,53,udp,1,1
10/21/13,5:18:07,,147.32.83.53,25440,,147.32.80.105,53,udp,1,1
10/21/13,5:18:07,,147.32.83.53,23981,,147.32.80.105,53,udp,1,1
10/21/13,5:18:08,,147.32.83.53,31042,,147.32.80.105,53,udp,1,1
10/21/13,5:18:08,,147.32.83.53,29824,,147.32.80.105,53,udp,1,1
10/21/13,5:18:08,,147.32.83.53,8744,,147.32.80.105,53,udp,1,1
10/21/13,5:18:08,,147.32.83.53,7832,,147.32.80.105,53,udp,1,1
10/21/13,5:18:08,,147.32.83.53,61659,,147.32.80.105,53,udp,1,1
10/21/13,5:18:08,,147.32.83.53,16323,,147.32.80.105,53,udp,1,1
10/21/13,5:18:08,,147.32.83.53,63899,,147.32.80.105,53,udp,1,1
10/21/13,5:18:08,,147.32.83.53,16337,,147.32.80.105,53,udp,1,1
10/21/13,5:18:08,,147.32.83.53,53389,,147.32.80.105,53,udp,1,1
10/21/13,5:18:08,,147.32.83.53,9461,,147.32.80.105,53,udp,1,1
10/21/13,5:18:08,,147.32.83.53,42304,,147.32.80.105,53,udp,1,1
10/21/13,5:18:08,,147.32.83.53,13446,,147.32.80.105,53,udp,1,1
10/21/13,5:18:08,,147.32.83.53,38922,,147.32.80.105,53,udp,1,1
10/21/13,5:18:08,,147.32.83.53,24968,,147.32.80.105,53,udp,1,1
10/21/13,5:18:08,,147.32.83.53,60679,,147.32.80.105,53,udp,1,1
10/21/13,5:18:08,,147.32.83.53,17909,,147.32.80.105,53,udp,1,1
10/21/13,5:19:18,,147.32.83.53,9675,,147.32.80.105,53,udp,1,1
10/21/13,5:19:23,,147.32.83.53,1132,,147.32.80.105,53,udp,1,1
10/21/13,5:19:38,,147.32.83.53,28057,,147.32.80.105,53,udp,1,1
10/21/13,5:19:38,,147.32.83.53,39489,,147.32.80.105,53,udp,1,1
10/21/13,5:19:39,,147.32.83.53,43551,,147.32.80.105,53,udp,1,1
10/21/13,5:19:39,,147.32.83.53,5011,,147.32.80.105,53,udp,1,1
10/21/13,5:19:39,,147.32.83.53,12645,,147.32.80.105,53,udp,1,1
10/21/13,5:19:39,,147.32.83.53,7068,,147.32.80.105,53,udp,1,1
10/21/13,5:19:39,,147.32.83.53,35583,,147.32.80.105,53,udp,1,1
10/21/13,5:19:39,,147.32.83.53,24930,,147.32.80.105,53,udp,1,1
10/21/13,5:20:15,,147.32.83.53,8290,,147.32.80.105,53,udp,1,1
10/21/13,5:20:15,,147.32.83.53,15454,,147.32.80.105,53,udp,1,1
10/21/13,5:20:15,,147.32.83.53,65462,,147.32.80.105,53,udp,1,1
10/21/13,5:20:15,,147.32.83.53,11853,,147.32.80.105,53,udp,1,1
10/21/13,5:20:30,,147.32.83.53,33268,,147.32.80.105,53,udp,1,1
10/21/13,5:21:43,,147.32.83.53,10837,,147.32.80.105,53,udp,1,1
10/21/13,5:21:49,,147.32.83.53,37902,,147.32.80.105,53,udp,1,1
10/21/13,5:21:49,,147.32.83.53,37902,,147.32.80.105,53,udp,1,1
10/21/13,5:22:20,,147.32.83.53,39141,,147.32.80.105,53,udp,1,1
10/21/13,5:22:55,,147.32.83.53,33480,,147.32.80.105,53,udp,1,1
10/21/13,5:24:07,,147.32.83.53,24091,,147.32.80.105,53,udp,1,1
10/21/13,5:25:20,,147.32.83.53,5181,,147.32.80.105,53,udp,1,1
10/21/13,5:26:31,,147.32.83.53,48515,,147.32.80.105,53,udp,1,1
10/21/13,5:27:35,,147.32.83.53,38005,,147.32.80.105,53,udp,1,1
10/21/13,5:27:47,,147.32.83.53,10305,,147.32.80.105,53,udp,1,1
10/21/13,5:28:29,,147.32.83.53,18816,,147.32.80.105,53,udp,1,1
10/21/13,5:28:32,,147.32.83.53,9496,,147.32.80.105,53,udp,1,1
10/21/13,5:29:07,,147.32.83.53,52110,,147.32.80.105,53,udp,1,1
10/21/13,5:29:36,,147.32.83.53,40571,,147.32.80.105,53,udp,1,1
10/21/13,5:31:03,,147.32.83.53,57627,,147.32.80.105,53,udp,1,1
10/21/13,5:31:07,,147.32.83.53,50969,,147.32.80.105,53,udp,1,1
10/21/13,5:31:08,,147.32.83.53,62736,,147.32.80.105,53,udp,1,1
10/21/13,5:31:10,,147.32.83.53,46837,,147.32.80.105,53,udp,1,1
10/21/13,5:31:24,,147.32.83.53,9446,,147.32.80.105,53,udp,1,1
10/21/13,5:31:25,,147.32.83.53,36367,,147.32.80.105,53,udp,1,1
10/21/13,5:32:01,,147.32.83.53,28759,,147.32.80.105,53,udp,1,1
10/21/13,5:32:21,,147.32.83.53,7021,,147.32.80.105,53,udp,1,1
10/21/13,5:32:27,,147.32.83.53,34306,,147.32.80.105,53,udp,1,1
10/21/13,5:33:34,,147.32.83.53,39887,,147.32.80.105,53,udp,1,1
10/21/13,5:37:14,,147.32.83.53,7398,,147.32.80.105,53,udp,1,1
10/21/13,5:37:47,,147.32.83.53,14136,,147.32.80.105,53,udp,1,1
10/21/13,5:37:49,,147.32.83.53,5516,,147.32.80.105,53,udp,1,1
10/21/13,5:38:17,,147.32.83.53,29893,,147.32.80.105,53,udp,1,1
10/21/13,5:38:17,,147.32.83.53,41468,,147.32.80.105,53,udp,1,1
10/21/13,5:38:17,,147.32.83.53,34811,,147.32.80.105,53,udp,1,1
10/21/13,5:38:17,,147.32.83.53,9346,,147.32.80.105,53,udp,1,1
10/21/13,5:41:26,,147.32.83.53,35456,,147.32.80.105,53,udp,1,1
10/21/13,5:43:45,,147.32.83.53,16576,,147.32.80.105,53,udp,1,1
10/21/13,5:44:27,,147.32.83.53,43977,,147.32.80.105,53,udp,1,1
10/21/13,5:44:27,,147.32.83.53,56418,,147.32.80.105,53,udp,1,1
10/21/13,5:47:45,,147.32.83.53,65082,,147.32.80.105,53,udp,1,1
10/21/13,5:47:48,,147.32.83.53,8827,,147.32.80.105,53,udp,1,1
10/21/13,5:47:48,,147.32.83.53,18083,,147.32.80.105,53,udp,1,1
10/21/13,5:47:49,,147.32.83.53,54029,,147.32.80.105,53,udp,1,1
10/21/13,5:47:57,,147.32.83.53,22835,,147.32.80.105,53,udp,1,1
10/21/13,5:47:57,,147.32.83.53,50179,,147.32.80.105,53,udp,1,1
10/21/13,5:48:14,,147.32.83.53,23426,,147.32.80.105,53,udp,1,1
10/21/13,5:48:37,,147.32.83.53,23500,,147.32.80.105,53,udp,1,1
10/21/13,5:48:39,,147.32.83.53,31866,,147.32.80.105,53,udp,1,1
10/21/13,5:49:23,,147.32.83.53,53002,,147.32.80.105,53,udp,1,1
10/21/13,5:50:33,,147.32.83.53,65226,,147.32.80.105,53,udp,1,1
10/21/13,5:51:44,,147.32.83.53,62514,,147.32.80.105,53,udp,1,1
10/21/13,5:52:22,,147.32.83.53,50443,,147.32.80.105,53,udp,1,1
10/21/13,5:52:53,,147.32.83.53,20631,,147.32.80.105,53,udp,1,1
10/21/13,5:52:55,,147.32.83.53,49264,,147.32.80.105,53,udp,1,1
10/21/13,5:52:57,,147.32.83.53,23875,,147.32.80.105,53,udp,1,1
10/21/13,5:53:17,,147.32.83.53,48637,,147.32.80.105,53,udp,1,1
10/21/13,5:53:17,,147.32.83.53,39733,,147.32.80.105,53,udp,1,1
10/21/13,5:54:28,,147.32.83.53,14801,,147.32.80.105,53,udp,1,1
10/21/13,5:54:43,,147.32.83.53,52675,,147.32.80.105,53,udp,1,1
10/21/13,5:55:36,,147.32.83.53,45109,,147.32.80.105,53,udp,1,1
10/21/13,5:56:21,,147.32.83.53,21002,,147.32.80.105,53,udp,1,1
10/21/13,5:56:48,,147.32.83.53,45111,,147.32.80.105,53,udp,1,1
10/21/13,5:57:58,,147.32.83.53,35123,,147.32.80.105,53,udp,1,1
10/21/13,5:58:46,,147.32.83.53,41546,,147.32.80.105,53,udp,1,1
10/21/13,5:58:46,,147.32.83.53,33576,,147.32.80.105,53,udp,1,1
10/21/13,5:59:53,,147.32.83.53,28169,,147.32.80.105,53,udp,1,1
10/21/13,6:01:03,,147.32.83.53,52874,,147.32.80.105,53,udp,1,1
10/21/13,6:02:19,,147.32.83.53,52015,,147.32.80.105,53,udp,1,1
10/21/13,6:03:34,,147.32.83.53,50036,,147.32.80.105,53,udp,1,1
10/21/13,6:03:54,,147.32.83.53,13596,,147.32.80.105,53,udp,1,1
10/21/13,6:04:46,,147.32.83.53,56939,,147.32.80.105,53,udp,1,1
10/21/13,6:05:17,,147.32.83.53,8435,,147.32.80.105,53,udp,1,1
10/21/13,6:06:39,,147.32.83.53,18680,,147.32.80.105,53,udp,1,1
10/21/13,6:06:41,,147.32.83.53,6377,,147.32.80.105,53,udp,1,1
10/21/13,6:06:41,,147.32.83.53,3411,,147.32.80.105,53,udp,1,1
10/21/13,6:06:41,,147.32.83.53,19123,,147.32.80.105,53,udp,1,1
10/21/13,6:07:11,,147.32.83.53,23750,,147.32.80.105,53,udp,1,1
10/21/13,6:07:14,,147.32.83.53,58863,,147.32.80.105,53,udp,1,1
10/21/13,6:07:17,,147.32.83.53,65170,,147.32.80.105,53,udp,1,1
10/21/13,6:07:35,,147.32.83.53,18314,,147.32.80.105,53,udp,1,1
10/21/13,6:07:35,,147.32.83.53,34364,,147.32.80.105,53,udp,1,1
10/21/13,6:07:35,,147.32.83.53,10307,,147.32.80.105,53,udp,1,1
10/21/13,6:07:35,,147.32.83.53,10564,,147.32.80.105,53,udp,1,1
10/21/13,6:07:35,,147.32.83.53,2523,,147.32.80.105,53,udp,1,1
10/21/13,6:07:35,,147.32.83.53,37666,,147.32.80.105,53,udp,1,1
10/21/13,6:07:35,,147.32.83.53,17492,,147.32.80.105,53,udp,1,1
10/21/13,6:07:36,,147.32.83.53,35065,,147.32.80.105,53,udp,1,1
10/21/13,6:07:36,,147.32.83.53,11443,,147.32.80.105,53,udp,1,1
10/21/13,6:07:37,,147.32.83.53,41825,,147.32.80.105,53,udp,1,1
10/21/13,6:07:37,,147.32.83.53,53381,,147.32.80.105,53,udp,1,1
10/21/13,6:07:37,,147.32.83.53,25214,,147.32.80.105,53,udp,1,1
10/21/13,6:07:37,,147.32.83.53,46235,,147.32.80.105,53,udp,1,1
10/21/13,6:07:37,,147.32.83.53,34208,,147.32.80.105,53,udp,1,1
10/21/13,6:07:37,,147.32.83.53,36597,,147.32.80.105,53,udp,1,1
10/21/13,6:07:37,,147.32.83.53,13496,,147.32.80.105,53,udp,1,1
10/21/13,6:07:37,,147.32.83.53,44087,,147.32.80.105,53,udp,1,1
10/21/13,6:07:37,,147.32.83.53,23298,,147.32.80.105,53,udp,1,1
10/21/13,6:07:37,,147.32.83.53,44649,,147.32.80.105,53,udp,1,1
10/21/13,6:07:37,,147.32.83.53,59975,,147.32.80.105,53,udp,1,1
10/21/13,6:07:37,,147.32.83.53,34008,,147.32.80.105,53,udp,1,1
10/21/13,6:07:37,,147.32.83.53,18248,,147.32.80.105,53,udp,1,1
10/21/13,6:07:37,,147.32.83.53,9729,,147.32.80.105,53,udp,1,1
10/21/13,6:07:37,,147.32.83.53,2700,,147.32.80.105,53,udp,1,1
10/21/13,6:07:37,,147.32.83.53,12069,,147.32.80.105,53,udp,1,1
10/21/13,6:07:37,,147.32.83.53,47526,,147.32.80.105,53,udp,1,1
10/21/13,6:07:38,,147.32.83.53,40685,,147.32.80.105,53,udp,1,1
10/21/13,6:07:38,,147.32.83.53,25388,,147.32.80.105,53,udp,1,1
10/21/13,6:07:41,,147.32.83.53,59376,,147.32.80.105,53,udp,1,1
10/21/13,6:08:51,,147.32.83.53,42473,,147.32.80.105,53,udp,1,1
10/21/13,6:09:00,,147.32.83.53,48657,,147.32.80.105,53,udp,1,1
10/21/13,6:09:00,,147.32.83.53,33291,,147.32.80.105,53,udp,1,1
10/21/13,6:09:00,,147.32.83.53,52732,,147.32.80.105,53,udp,1,1
10/21/13,6:09:01,,147.32.83.53,33017,,147.32.80.105,53,udp,1,1
10/21/13,6:09:04,,147.32.83.53,34044,,147.32.80.105,53,udp,1,1
10/21/13,6:09:04,,147.32.83.53,26540,,147.32.80.105,53,udp,1,1
10/21/13,6:09:04,,147.32.83.53,29046,,147.32.80.105,53,udp,1,1
10/21/13,6:09:05,,147.32.83.53,18967,,147.32.80.105,53,udp,1,1
10/21/13,6:09:05,,147.32.83.53,20594,,147.32.80.105,53,udp,1,1
10/21/13,6:09:05,,147.32.83.53,44275,,147.32.80.105,53,udp,1,1
10/21/13,6:09:05,,147.32.83.53,20088,,147.32.80.105,53,udp,1,1
10/21/13,6:09:05,,147.32.83.53,43777,,147.32.80.105,53,udp,1,1
10/21/13,6:09:05,,147.32.83.53,10298,,147.32.80.105,53,udp,1,1
10/21/13,6:09:05,,147.32.83.53,49606,,147.32.80.105,53,udp,1,1
10/21/13,6:09:05,,147.32.83.53,34915,,147.32.80.105,53,udp,1,1
10/21/13,6:09:05,,147.32.83.53,47639,,147.32.80.105,53,udp,1,1
10/21/13,6:09:05,,147.32.83.53,58092,,147.32.80.105,53,udp,1,1
10/21/13,6:09:05,,147.32.83.53,35335,,147.32.80.105,53,udp,1,1
10/21/13,6:09:05,,147.32.83.53,1350,,147.32.80.105,53,udp,1,1
10/21/13,6:09:05,,147.32.83.53,40638,,147.32.80.105,53,udp,1,1
10/21/13,6:09:05,,147.32.83.53,28028,,147.32.80.105,53,udp,1,1
10/21/13,6:09:05,,147.32.83.53,36520,,147.32.80.105,53,udp,1,1
10/21/13,6:09:05,,147.32.83.53,11174,,147.32.80.105,53,udp,1,1
10/21/13,6:09:05,,147.32.83.53,6051,,147.32.80.105,53,udp,1,1
10/21/13,6:09:05,,147.32.83.53,59615,,147.32.80.105,53,udp,1,1
10/21/13,6:09:05,,147.32.83.53,53670,,147.32.80.105,53,udp,1,1
10/21/13,6:09:05,,147.32.83.53,21347,,147.32.80.105,53,udp,1,1
10/21/13,6:10:05,,147.32.83.53,64560,,147.32.80.105,53,udp,1,1
10/21/13,6:10:07,,147.32.83.53,39560,,147.32.80.105,53,udp,1,1
10/21/13,6:10:07,,147.32.83.53,25505,,147.32.80.105,53,udp,1,1
10/21/13,6:10:07,,147.32.83.53,13051,,147.32.80.105,53,udp,1,1
10/21/13,6:10:07,,147.32.83.53,16993,,147.32.80.105,53,udp,1,1
10/21/13,6:10:07,,147.32.83.53,23270,,147.32.80.105,53,udp,1,1
10/21/13,6:10:09,,147.32.83.53,7416,,147.32.80.105,53,udp,1,1
10/21/13,6:10:09,,147.32.83.53,34108,,147.32.80.105,53,udp,1,1
10/21/13,6:10:09,,147.32.83.53,43661,,147.32.80.105,53,udp,1,1
10/21/13,6:10:09,,147.32.83.53,34456,,147.32.80.105,53,udp,1,1
10/21/13,6:10:09,,147.32.83.53,19180,,147.32.80.105,53,udp,1,1
10/21/13,6:10:16,,147.32.83.53,14518,,147.32.80.105,53,udp,1,1
10/21/13,6:11:00,,147.32.83.53,57873,,147.32.80.105,53,udp,1,1
10/21/13,6:11:01,,147.32.83.53,41886,,147.32.80.105,53,udp,1,1
10/21/13,6:11:02,,147.32.83.53,4143,,147.32.80.105,53,udp,1,1
10/21/13,6:11:02,,147.32.83.53,44274,,147.32.80.105,53,udp,1,1
10/21/13,6:11:17,,147.32.83.53,45208,,147.32.80.105,53,udp,1,1
10/21/13,6:11:20,,147.32.83.53,38368,,147.32.80.105,53,udp,1,1
10/21/13,6:11:20,,147.32.83.53,11699,,147.32.80.105,53,udp,1,1
10/21/13,6:11:20,,147.32.83.53,19202,,147.32.80.105,53,udp,1,1
10/21/13,6:11:20,,147.32.83.53,17498,,147.32.80.105,53,udp,1,1
10/21/13,6:11:20,,147.32.83.53,45082,,147.32.80.105,53,udp,1,1
10/21/13,6:11:20,,147.32.83.53,19289,,147.32.80.105,53,udp,1,1
10/21/13,6:11:26,,147.32.83.53,29729,,147.32.80.105,53,udp,1,1
10/21/13,6:12:31,,147.32.83.53,57933,,147.32.80.105,53,udp,1,1
10/21/13,6:13:23,,147.32.83.53,2428,,147.32.80.105,53,udp,1,1
10/21/13,6:13:25,,147.32.83.53,25426,,147.32.80.105,53,udp,1,1
10/21/13,6:13:26,,147.32.83.53,5572,,147.32.80.105,53,udp,1,1
10/21/13,6:13:26,,147.32.83.53,37199,,147.32.80.105,53,udp,1,1
10/21/13,6:13:26,,147.32.83.53,55064,,147.32.80.105,53,udp,1,1
10/21/13,6:13:26,,147.32.83.53,65131,,147.32.80.105,53,udp,1,1
10/21/13,6:13:26,,147.32.83.53,26647,,147.32.80.105,53,udp,1,1
10/21/13,6:13:26,,147.32.83.53,47038,,147.32.80.105,53,udp,1,1
10/21/13,6:13:27,,147.32.83.53,14130,,147.32.80.105,53,udp,1,1
10/21/13,6:13:27,,147.32.83.53,35952,,147.32.80.105,53,udp,1,1
10/21/13,6:13:27,,147.32.83.53,45470,,147.32.80.105,53,udp,1,1
10/21/13,6:13:27,,147.32.83.53,35643,,147.32.80.105,53,udp,1,1
10/21/13,6:13:27,,147.32.83.53,65194,,147.32.80.105,53,udp,1,1
10/21/13,6:13:28,,147.32.83.53,13858,,147.32.80.105,53,udp,1,1
10/21/13,6:13:33,,147.32.83.53,41728,,147.32.80.105,53,udp,1,1
10/21/13,6:13:33,,147.32.83.53,32525,,147.32.80.105,53,udp,1,1
10/21/13,6:13:33,,147.32.83.53,32520,,147.32.80.105,53,udp,1,1
10/21/13,6:13:44,,147.32.83.53,37905,,147.32.80.105,53,udp,1,1
10/21/13,6:14:00,,147.32.83.53,7338,,147.32.80.105,53,udp,1,1
10/21/13,6:14:00,,147.32.83.53,46318,,147.32.80.105,53,udp,1,1
10/21/13,6:14:14,,147.32.83.53,23590,,147.32.80.105,53,udp,1,1
10/21/13,6:14:14,,147.32.83.53,63373,,147.32.80.105,53,udp,1,1
10/21/13,6:14:16,,147.32.83.53,55372,,147.32.80.105,53,udp,1,1
10/21/13,6:14:16,,147.32.83.53,64947,,147.32.80.105,53,udp,1,1
10/21/13,6:14:16,,147.32.83.53,1642,,147.32.80.105,53,udp,1,1
10/21/13,6:14:16,,147.32.83.53,25323,,147.32.80.105,53,udp,1,1
10/21/13,6:14:16,,147.32.83.53,36372,,147.32.80.105,53,udp,1,1
10/21/13,6:14:16,,147.32.83.53,38667,,147.32.80.105,53,udp,1,1
10/21/13,6:14:16,,147.32.83.53,31985,,147.32.80.105,53,udp,1,1
10/21/13,6:14:16,,147.32.83.53,38098,,147.32.80.105,53,udp,1,1
10/21/13,6:14:16,,147.32.83.53,33947,,147.32.80.105,53,udp,1,1
10/21/13,6:14:16,,147.32.83.53,31793,,147.32.80.105,53,udp,1,1
10/21/13,6:14:16,,147.32.83.53,10975,,147.32.80.105,53,udp,1,1
10/21/13,6:14:16,,147.32.83.53,61415,,147.32.80.105,53,udp,1,1
10/21/13,6:14:17,,147.32.83.53,23854,,147.32.80.105,53,udp,1,1
10/21/13,6:14:17,,147.32.83.53,10288,,147.32.80.105,53,udp,1,1
10/21/13,6:14:17,,147.32.83.53,37931,,147.32.80.105,53,udp,1,1
10/21/13,6:14:17,,147.32.83.53,17391,,147.32.80.105,53,udp,1,1
10/21/13,6:14:17,,147.32.83.53,53462,,147.32.80.105,53,udp,1,1
10/21/13,6:14:17,,147.32.83.53,43650,,147.32.80.105,53,udp,1,1
10/21/13,6:14:17,,147.32.83.53,47118,,147.32.80.105,53,udp,1,1
10/21/13,6:14:17,,147.32.83.53,52079,,147.32.80.105,53,udp,1,1
10/21/13,6:14:17,,147.32.83.53,61195,,147.32.80.105,53,udp,1,1
10/21/13,6:14:17,,147.32.83.53,10780,,147.32.80.105,53,udp,1,1
10/21/13,6:14:17,,147.32.83.53,46562,,147.32.80.105,53,udp,1,1
10/21/13,6:14:17,,147.32.83.53,9733,,147.32.80.105,53,udp,1,1
10/21/13,6:14:17,,147.32.83.53,61611,,147.32.80.105,53,udp,1,1
10/21/13,6:14:17,,147.32.83.53,19138,,147.32.80.105,53,udp,1,1
10/21/13,6:14:17,,147.32.83.53,25217,,147.32.80.105,53,udp,1,1
10/21/13,6:14:17,,147.32.83.53,45098,,147.32.80.105,53,udp,1,1
10/21/13,6:14:17,,147.32.83.53,38432,,147.32.80.105,53,udp,1,1
10/21/13,6:14:17,,147.32.83.53,14106,,147.32.80.105,53,udp,1,1
10/21/13,6:14:17,,147.32.83.53,45809,,147.32.80.105,53,udp,1,1
10/21/13,6:14:17,,147.32.83.53,6696,,147.32.80.105,53,udp,1,1
10/21/13,6:14:17,,147.32.83.53,40721,,147.32.80.105,53,udp,1,1
10/21/13,6:14:17,,147.32.83.53,7988,,147.32.80.105,53,udp,1,1
10/21/13,6:14:17,,147.32.83.53,17954,,147.32.80.105,53,udp,1,1
10/21/13,6:14:17,,147.32.83.53,6667,,147.32.80.105,53,udp,1,1
10/21/13,6:14:17,,147.32.83.53,62799,,147.32.80.105,53,udp,1,1
10/21/13,6:14:17,,147.32.83.53,43643,,147.32.80.105,53,udp,1,1
10/21/13,6:14:17,,147.32.83.53,8412,,147.32.80.105,53,udp,1,1
10/21/13,6:14:17,,147.32.83.53,43313,,147.32.80.105,53,udp,1,1
10/21/13,6:14:17,,147.32.83.53,4278,,147.32.80.105,53,udp,1,1
10/21/13,6:14:17,,147.32.83.53,20622,,147.32.80.105,53,udp,1,1
10/21/13,6:14:17,,147.32.83.53,47046,,147.32.80.105,53,udp,1,1
10/21/13,6:14:17,,147.32.83.53,39534,,147.32.80.105,53,udp,1,1
10/21/13,6:14:17,,147.32.83.53,10077,,147.32.80.105,53,udp,1,1
10/21/13,6:14:17,,147.32.83.53,21341,,147.32.80.105,53,udp,1,1
10/21/13,6:14:17,,147.32.83.53,9017,,147.32.80.105,53,udp,1,1
10/21/13,6:14:27,,147.32.83.53,48632,,147.32.80.105,53,udp,1,1
10/21/13,6:14:27,,147.32.83.53,56263,,147.32.80.105,53,udp,1,1
10/21/13,6:14:56,,147.32.83.53,56369,,147.32.80.105,53,udp,1,1
10/21/13,6:16:08,,147.32.83.53,52201,,147.32.80.105,53,udp,1,1
10/21/13,6:17:21,,147.32.83.53,53733,,147.32.80.105,53,udp,1,1
10/21/13,6:18:34,,147.32.83.53,61716,,147.32.80.105,53,udp,1,1
10/21/13,6:18:55,,147.32.83.53,42432,,147.32.80.105,53,udp,1,1
10/21/13,6:19:48,,147.32.83.53,8477,,147.32.80.105,53,udp,1,1
10/21/13,6:21:00,,147.32.83.53,61147,,147.32.80.105,53,udp,1,1
10/21/13,6:22:24,,147.32.83.53,2752,,147.32.80.105,53,udp,1,1
10/21/13,6:23:09,,147.32.83.53,6304,,147.32.80.105,53,udp,1,1
10/21/13,6:23:09,,147.32.83.53,25966,,147.32.80.105,53,udp,1,1
10/21/13,6:23:09,,147.32.83.53,50342,,147.32.80.105,53,udp,1,1
10/21/13,6:23:10,,147.32.83.53,62705,,147.32.80.105,53,udp,1,1
10/21/13,6:23:45,,147.32.83.53,14044,,147.32.80.105,53,udp,1,1
10/21/13,6:24:04,,147.32.83.53,60395,,147.32.80.105,53,udp,1,1
10/21/13,6:25:09,,147.32.83.53,7983,,147.32.80.105,53,udp,1,1
10/21/13,6:26:18,,147.32.83.53,63940,,147.32.80.105,53,udp,1,1
10/21/13,6:27:22,,147.32.83.53,38880,,147.32.80.105,53,udp,1,1
10/21/13,6:27:35,,147.32.83.53,27258,,147.32.80.105,53,udp,1,1
10/21/13,6:28:10,,147.32.83.53,45223,,147.32.80.105,53,udp,1,1
10/21/13,6:28:37,,147.32.83.53,12162,,147.32.80.105,53,udp,1,1
10/21/13,6:28:48,,147.32.83.53,52745,,147.32.80.105,53,udp,1,1
10/21/13,6:28:48,,147.32.83.53,31225,,147.32.80.105,53,udp,1,1
10/21/13,6:29:00,,147.32.83.53,42427,,147.32.80.105,53,udp,1,1
10/21/13,6:30:03,,147.32.83.53,13836,,147.32.80.105,53,udp,1,1
10/21/13,6:32:25,,147.32.83.53,51758,,147.32.80.105,53,udp,1,1
10/21/13,6:34:13,,147.32.83.53,5456,,147.32.80.105,53,udp,1,1
10/21/13,6:34:13,,147.32.83.53,24591,,147.32.80.105,53,udp,1,1
10/21/13,6:35:29,,147.32.83.53,55792,,147.32.80.105,53,udp,1,1
10/21/13,6:35:59,,147.32.83.53,42803,,147.32.80.105,53,udp,1,1
10/21/13,6:36:00,,147.32.83.53,45935,,147.32.80.105,53,udp,1,1
10/21/13,6:36:49,,147.32.83.53,5732,,147.32.80.105,53,udp,1,1
10/21/13,6:37:14,,147.32.83.53,56537,,147.32.80.105,53,udp,1,1
10/21/13,6:42:25,,147.32.83.53,62814,,147.32.80.105,53,udp,1,1
10/21/13,6:44:27,,147.32.83.53,38664,,147.32.80.105,53,udp,1,1
10/21/13,6:44:27,,147.32.83.53,54568,,147.32.80.105,53,udp,1,1
10/21/13,6:48:16,,147.32.83.53,65251,,147.32.80.105,53,udp,1,1
10/21/13,6:51:23,,147.32.83.53,9081,,147.32.80.105,53,udp,1,1
10/21/13,6:51:23,,147.32.83.53,56168,,147.32.80.105,53,udp,1,1
10/21/13,6:53:32,,147.32.83.53,54543,,147.32.80.105,53,udp,1,1
10/21/13,6:53:34,,147.32.83.53,53089,,147.32.80.105,53,udp,1,1
10/21/13,6:53:34,,147.32.83.53,21850,,147.32.80.105,53,udp,1,1
10/21/13,6:53:34,,147.32.83.53,64452,,147.32.80.105,53,udp,1,1
10/21/13,6:54:19,,147.32.83.53,42759,,147.32.80.105,53,udp,1,1
10/21/13,6:54:23,,147.32.83.53,10878,,147.32.80.105,53,udp,1,1
10/21/13,6:54:37,,147.32.83.53,49268,,147.32.80.105,53,udp,1,1
10/21/13,6:54:37,,147.32.83.53,51890,,147.32.80.105,53,udp,1,1
10/21/13,6:57:14,,147.32.83.53,3452,,147.32.80.105,53,udp,1,1
10/21/13,6:57:22,,147.32.83.53,2361,,147.32.80.105,53,udp,1,1
10/21/13,6:57:29,,147.32.83.53,62899,,147.32.80.105,53,udp,1,1
10/21/13,7:00:12,,147.32.83.53,25260,,147.32.80.105,53,udp,1,1
10/21/13,7:00:12,,147.32.83.53,62013,,147.32.80.105,53,udp,1,1
10/21/13,7:00:12,,147.32.83.53,43287,,147.32.80.105,53,udp,1,1
10/21/13,7:00:12,,147.32.83.53,10939,,147.32.80.105,53,udp,1,1
10/21/13,7:00:12,,147.32.83.53,58112,,147.32.80.105,53,udp,1,1
10/21/13,7:00:12,,147.32.83.53,4232,,147.32.80.105,53,udp,1,1
10/21/13,7:00:12,,147.32.83.53,62217,,147.32.80.105,53,udp,1,1
10/21/13,7:00:13,,147.32.83.53,34502,,147.32.80.9,53,udp,1,1
10/21/13,7:02:26,,147.32.83.53,61090,,147.32.80.105,53,udp,1,1
10/21/13,7:03:19,,147.32.83.53,24683,,147.32.80.105,53,udp,1,1
10/21/13,7:07:14,,147.32.83.53,7250,,147.32.80.105,53,udp,1,1
10/21/13,7:07:41,,147.32.83.53,40595,,147.32.80.105,53,udp,1,1
10/21/13,7:07:41,,147.32.83.53,18570,,147.32.80.105,53,udp,1,1
10/21/13,7:08:39,,147.32.83.53,37367,,147.32.80.105,53,udp,1,1
10/21/13,7:08:39,,147.32.83.53,60700,,147.32.80.105,53,udp,1,1
10/21/13,7:08:39,,147.32.83.53,54180,,147.32.80.105,53,udp,1,1
10/21/13,7:08:39,,147.32.83.53,2094,,147.32.80.105,53,udp,1,1
10/21/13,7:08:40,,147.32.83.53,1173,,147.32.80.105,53,udp,1,1
10/21/13,7:08:40,,147.32.83.53,27864,,147.32.80.105,53,udp,1,1
10/21/13,7:08:41,,147.32.83.53,42725,,147.32.80.105,53,udp,1,1
10/21/13,7:08:41,,147.32.83.53,29164,,147.32.80.105,53,udp,1,1
10/21/13,7:08:41,,147.32.83.53,60868,,147.32.80.105,53,udp,1,1
10/21/13,7:08:41,,147.32.83.53,41672,,147.32.80.105,53,udp,1,1
10/21/13,7:08:41,,147.32.83.53,26897,,147.32.80.105,53,udp,1,1
10/21/13,7:08:41,,147.32.83.53,1297,,147.32.80.105,53,udp,1,1
10/21/13,7:08:41,,147.32.83.53,49114,,147.32.80.105,53,udp,1,1
10/21/13,7:08:41,,147.32.83.53,3056,,147.32.80.105,53,udp,1,1
10/21/13,7:08:42,,147.32.83.53,21959,,147.32.80.105,53,udp,1,1
10/21/13,7:08:42,,147.32.83.53,24629,,147.32.80.9,53,udp,1,1
10/21/13,7:12:27,,147.32.83.53,59114,,147.32.80.105,53,udp,1,1
10/21/13,7:13:07,,147.32.83.53,27097,,147.32.80.105,53,udp,1,1
10/21/13,7:14:27,,147.32.83.53,41846,,147.32.80.105,53,udp,1,1
10/21/13,7:14:27,,147.32.83.53,34120,,147.32.80.105,53,udp,1,1
10/21/13,7:20:28,,147.32.83.53,46012,,147.32.80.105,53,udp,1,1
10/21/13,7:22:28,,147.32.83.53,40735,,147.32.80.105,53,udp,1,1
10/21/13,7:32:29,,147.32.83.53,49701,,147.32.80.105,53,udp,1,1
10/21/13,7:37:14,,147.32.83.53,39991,,147.32.80.105,53,udp,1,1
10/21/13,7:42:30,,147.32.83.53,49021,,147.32.80.105,53,udp,1,1
10/21/13,7:44:27,,147.32.83.53,34714,,147.32.80.105,53,udp,1,1
10/21/13,7:44:27,,147.32.83.53,34890,,147.32.80.105,53,udp,1,1
10/21/13,7:52:31,,147.32.83.53,7245,,147.32.80.105,53,udp,1,1
10/21/13,8:02:32,,147.32.83.53,54107,,147.32.80.105,53,udp,1,1
10/21/13,8:07:14,,147.32.83.53,4832,,147.32.80.105,53,udp,1,1
10/21/13,8:11:59,,147.32.83.53,46456,,147.32.80.105,53,udp,1,1
10/21/13,8:11:59,,147.32.83.53,46456,,147.32.80.105,53,udp,1,1
10/21/13,8:12:33,,147.32.83.53,2912,,147.32.80.105,53,udp,1,1
10/21/13,8:14:27,,147.32.83.53,43503,,147.32.80.105,53,udp,1,1
10/21/13,8:14:27,,147.32.83.53,55414,,147.32.80.105,53,udp,1,1
10/21/13,8:22:34,,147.32.83.53,19473,,147.32.80.105,53,udp,1,1
10/21/13,8:30:55,,147.32.83.53,53895,,147.32.80.105,53,udp,1,1
10/21/13,8:30:55,,147.32.83.53,44740,,147.32.80.105,53,udp,1,1
10/21/13,8:30:55,,147.32.83.53,55615,,147.32.80.105,53,udp,1,1
10/21/13,8:30:56,,147.32.83.53,12913,,147.32.80.105,53,udp,1,1
10/21/13,8:30:56,,147.32.83.53,5991,,147.32.80.105,53,udp,1,1
10/21/13,8:31:17,,147.32.83.53,1868,,147.32.80.105,53,udp,1,1
10/21/13,8:31:17,,147.32.83.53,14048,,147.32.80.105,53,udp,1,1
10/21/13,8:31:59,,147.32.83.53,24512,,147.32.80.105,53,udp,1,1
10/21/13,8:31:59,,147.32.83.53,7966,,147.32.80.105,53,udp,1,1
10/21/13,8:31:59,,147.32.83.53,6772,,147.32.80.105,53,udp,1,1
10/21/13,8:31:59,,147.32.83.53,3404,,147.32.80.105,53,udp,1,1
10/21/13,8:31:59,,147.32.83.53,64113,,147.32.80.105,53,udp,1,1
10/21/13,8:31:59,,147.32.83.53,42666,,147.32.80.105,53,udp,1,1
10/21/13,8:31:59,,147.32.83.53,20390,,147.32.80.105,53,udp,1,1
10/21/13,8:32:11,,147.32.83.53,57628,,147.32.80.105,53,udp,1,1
10/21/13,8:32:11,,147.32.83.53,20324,,147.32.80.105,53,udp,1,1
10/21/13,8:32:42,,147.32.83.53,40863,,147.32.80.105,53,udp,1,1
10/21/13,8:34:40,,147.32.83.53,15230,,147.32.80.105,53,udp,1,1
10/21/13,8:36:20,,147.32.83.53,45424,,147.32.80.105,53,udp,1,1
10/21/13,8:36:30,,147.32.83.53,44467,,147.32.80.105,53,udp,1,1
10/21/13,8:36:31,,147.32.83.53,51446,,147.32.80.105,53,udp,1,1
10/21/13,8:37:14,,147.32.83.53,1478,,147.32.80.105,53,udp,1,1
10/21/13,8:39:09,,147.32.83.53,44489,,147.32.80.105,53,udp,1,1
10/21/13,8:40:09,,147.32.83.53,9929,,147.32.80.105,53,udp,1,1
10/21/13,8:40:17,,147.32.83.53,8036,,147.32.80.105,53,udp,1,1
10/21/13,8:40:17,,147.32.83.53,54067,,147.32.80.105,53,udp,1,1
10/21/13,8:40:17,,147.32.83.53,32984,,147.32.80.105,53,udp,1,1
10/21/13,8:40:17,,147.32.83.53,33525,,147.32.80.105,53,udp,1,1
10/21/13,8:40:24,,147.32.83.53,65248,,147.32.80.105,53,udp,1,1
10/21/13,8:40:24,,147.32.83.53,7869,,147.32.80.105,53,udp,1,1
10/21/13,8:40:24,,147.32.83.53,54718,,147.32.80.105,53,udp,1,1
10/21/13,8:40:24,,147.32.83.53,51887,,147.32.80.105,53,udp,1,1
10/21/13,8:40:24,,147.32.83.53,52611,,147.32.80.105,53,udp,1,1
10/21/13,8:40:24,,147.32.83.53,15340,,147.32.80.105,53,udp,1,1
10/21/13,8:40:24,,147.32.83.53,53754,,147.32.80.105,53,udp,1,1
10/21/13,8:40:24,,147.32.83.53,16174,,147.32.80.105,53,udp,1,1
10/21/13,8:40:24,,147.32.83.53,1364,,147.32.80.105,53,udp,1,1
10/21/13,8:40:25,,147.32.83.53,55926,,147.32.80.105,53,udp,1,1
10/21/13,8:40:25,,147.32.83.53,42331,,147.32.80.105,53,udp,1,1
10/21/13,8:40:25,,147.32.83.53,35348,,147.32.80.105,53,udp,1,1
10/21/13,8:40:25,,147.32.83.53,26358,,147.32.80.105,53,udp,1,1
10/21/13,8:40:35,,147.32.83.53,35774,,147.32.80.105,53,udp,1,1
10/21/13,8:42:20,,147.32.83.53,17741,,147.32.80.105,53,udp,1,1
10/21/13,8:42:35,,147.32.83.53,30769,,147.32.80.105,53,udp,1,1
10/21/13,8:44:12,,147.32.83.53,19284,,147.32.80.105,53,udp,1,1
10/21/13,8:44:13,,147.32.83.53,65494,,147.32.80.105,53,udp,1,1
10/21/13,8:44:16,,147.32.83.53,22736,,147.32.80.105,53,udp,1,1
10/21/13,8:44:16,,147.32.83.53,58936,,147.32.80.105,53,udp,1,1
10/21/13,8:44:27,,147.32.83.53,33870,,147.32.80.105,53,udp,1,1
10/21/13,8:44:27,,147.32.83.53,43379,,147.32.80.105,53,udp,1,1
10/21/13,8:44:40,,147.32.83.53,16341,,147.32.80.105,53,udp,1,1
10/21/13,8:44:45,,147.32.83.53,56680,,147.32.80.105,53,udp,1,1
10/21/13,8:44:46,,147.32.83.53,51109,,147.32.80.105,53,udp,1,1
10/21/13,8:44:46,,147.32.83.53,27689,,147.32.80.105,53,udp,1,1
10/21/13,8:44:46,,147.32.83.53,43247,,147.32.80.105,53,udp,1,1
10/21/13,8:44:46,,147.32.83.53,19446,,147.32.80.105,53,udp,1,1
10/21/13,8:44:46,,147.32.83.53,61253,,147.32.80.105,53,udp,1,1
10/21/13,8:44:46,,147.32.83.53,15523,,147.32.80.105,53,udp,1,1
10/21/13,8:44:46,,147.32.83.53,63973,,147.32.80.105,53,udp,1,1
10/21/13,8:44:46,,147.32.83.53,49508,,147.32.80.105,53,udp,1,1
10/21/13,8:44:46,,147.32.83.53,27620,,147.32.80.105,53,udp,1,1
10/21/13,8:44:46,,147.32.83.53,33417,,147.32.80.105,53,udp,1,1
10/21/13,8:44:46,,147.32.83.53,28773,,147.32.80.105,53,udp,1,1
10/21/13,8:44:46,,147.32.83.53,32146,,147.32.80.105,53,udp,1,1
10/21/13,8:44:46,,147.32.83.53,3879,,147.32.80.105,53,udp,1,1
10/21/13,8:44:46,,147.32.83.53,46956,,147.32.80.105,53,udp,1,1
10/21/13,8:44:46,,147.32.83.53,47211,,147.32.80.105,53,udp,1,1
10/21/13,8:44:46,,147.32.83.53,7706,,147.32.80.105,53,udp,1,1
10/21/13,8:44:46,,147.32.83.53,61491,,147.32.80.105,53,udp,1,1
10/21/13,8:44:46,,147.32.83.53,55716,,147.32.80.105,53,udp,1,1
10/21/13,8:44:46,,147.32.83.53,48458,,147.32.80.105,53,udp,1,1
10/21/13,8:44:46,,147.32.83.53,28281,,147.32.80.105,53,udp,1,1
10/21/13,8:44:46,,147.32.83.53,27736,,147.32.80.105,53,udp,1,1
10/21/13,8:44:46,,147.32.83.53,60700,,147.32.80.105,53,udp,1,1
10/21/13,8:44:46,,147.32.83.53,56566,,147.32.80.105,53,udp,1,1
10/21/13,8:44:46,,147.32.83.53,30654,,147.32.80.105,53,udp,1,1
10/21/13,8:44:46,,147.32.83.53,23162,,147.32.80.105,53,udp,1,1
10/21/13,8:44:46,,147.32.83.53,30435,,147.32.80.105,53,udp,1,1
10/21/13,8:44:46,,147.32.83.53,49389,,147.32.80.105,53,udp,1,1
10/21/13,8:44:46,,147.32.83.53,34671,,147.32.80.105,53,udp,1,1
10/21/13,8:44:46,,147.32.83.53,6907,,147.32.80.105,53,udp,1,1
10/21/13,8:44:46,,147.32.83.53,10084,,147.32.80.105,53,udp,1,1
10/21/13,8:44:46,,147.32.83.53,52662,,147.32.80.105,53,udp,1,1
10/21/13,8:44:46,,147.32.83.53,15653,,147.32.80.105,53,udp,1,1
10/21/13,8:44:46,,147.32.83.53,22689,,147.32.80.105,53,udp,1,1
10/21/13,8:44:46,,147.32.83.53,23159,,147.32.80.105,53,udp,1,1
10/21/13,8:44:47,,147.32.83.53,20689,,147.32.80.105,53,udp,1,1
10/21/13,8:44:47,,147.32.83.53,11801,,147.32.80.105,53,udp,1,1
10/21/13,8:44:47,,147.32.83.53,30626,,147.32.80.105,53,udp,1,1
10/21/13,8:44:47,,147.32.83.53,44710,,147.32.80.105,53,udp,1,1
10/21/13,8:44:47,,147.32.83.53,43378,,147.32.80.105,53,udp,1,1
10/21/13,8:44:47,,147.32.83.53,55522,,147.32.80.105,53,udp,1,1
10/21/13,8:44:47,,147.32.83.53,48340,,147.32.80.105,53,udp,1,1
10/21/13,8:44:47,,147.32.83.53,58043,,147.32.80.105,53,udp,1,1
10/21/13,8:44:47,,147.32.83.53,47450,,147.32.80.105,53,udp,1,1
10/21/13,8:44:47,,147.32.83.53,51010,,147.32.80.105,53,udp,1,1
10/21/13,8:44:47,,147.32.83.53,7510,,147.32.80.105,53,udp,1,1
10/21/13,8:44:47,,147.32.83.53,9535,,147.32.80.105,53,udp,1,1
10/21/13,8:44:47,,147.32.83.53,41182,,147.32.80.105,53,udp,1,1
10/21/13,8:44:47,,147.32.83.53,49932,,147.32.80.105,53,udp,1,1
10/21/13,8:44:47,,147.32.83.53,6389,,147.32.80.105,53,udp,1,1
10/21/13,8:44:47,,147.32.83.53,48250,,147.32.80.105,53,udp,1,1
10/21/13,8:44:47,,147.32.83.53,49866,,147.32.80.105,53,udp,1,1
10/21/13,8:44:47,,147.32.83.53,60347,,147.32.80.105,53,udp,1,1
10/21/13,8:44:47,,147.32.83.53,7319,,147.32.80.105,53,udp,1,1
10/21/13,8:44:47,,147.32.83.53,17616,,147.32.80.105,53,udp,1,1
10/21/13,8:44:47,,147.32.83.53,2730,,147.32.80.105,53,udp,1,1
10/21/13,8:44:47,,147.32.83.53,33530,,147.32.80.105,53,udp,1,1
10/21/13,8:44:47,,147.32.83.53,38242,,147.32.80.105,53,udp,1,1
10/21/13,8:44:47,,147.32.83.53,27090,,147.32.80.105,53,udp,1,1
10/21/13,8:44:47,,147.32.83.53,34586,,147.32.80.105,53,udp,1,1
10/21/13,8:44:47,,147.32.83.53,1242,,147.32.80.105,53,udp,1,1
10/21/13,8:44:47,,147.32.83.53,43083,,147.32.80.105,53,udp,1,1
10/21/13,8:44:47,,147.32.83.53,29893,,147.32.80.105,53,udp,1,1
10/21/13,8:44:47,,147.32.83.53,37438,,147.32.80.105,53,udp,1,1
10/21/13,8:44:47,,147.32.83.53,22001,,147.32.80.105,53,udp,1,1
10/21/13,8:44:47,,147.32.83.53,52287,,147.32.80.105,53,udp,1,1
10/21/13,8:44:47,,147.32.83.53,42336,,147.32.80.105,53,udp,1,1
10/21/13,8:44:48,,147.32.83.53,56538,,147.32.80.105,53,udp,1,1
10/21/13,8:44:48,,147.32.83.53,47797,,147.32.80.105,53,udp,1,1
10/21/13,8:44:48,,147.32.83.53,16246,,147.32.80.105,53,udp,1,1
10/21/13,8:44:50,,147.32.83.53,53869,,147.32.80.105,53,udp,1,1
10/21/13,8:44:57,,147.32.83.53,56769,,147.32.80.105,53,udp,1,1
10/21/13,8:44:57,,147.32.83.53,12955,,147.32.80.105,53,udp,1,1
10/21/13,8:44:57,,147.32.83.53,59083,,147.32.80.105,53,udp,1,1
10/21/13,8:44:57,,147.32.83.53,20583,,147.32.80.105,53,udp,1,1
10/21/13,8:44:57,,147.32.83.53,24112,,147.32.80.105,53,udp,1,1
10/21/13,8:45:01,,147.32.83.53,35720,,147.32.80.105,53,udp,1,1
10/21/13,8:45:01,,147.32.83.53,32001,,147.32.80.105,53,udp,1,1
10/21/13,8:45:03,,147.32.83.53,25637,,147.32.80.105,53,udp,1,1
10/21/13,8:45:26,,147.32.83.53,32368,,147.32.80.105,53,udp,1,1
10/21/13,8:45:28,,147.32.83.53,26715,,147.32.80.105,53,udp,1,1
10/21/13,8:45:28,,147.32.83.53,23452,,147.32.80.105,53,udp,1,1
10/21/13,8:45:28,,147.32.83.53,31988,,147.32.80.105,53,udp,1,1
10/21/13,8:45:28,,147.32.83.53,44595,,147.32.80.105,53,udp,1,1
10/21/13,8:45:28,,147.32.83.53,20985,,147.32.80.105,53,udp,1,1
10/21/13,8:45:28,,147.32.83.53,4541,,147.32.80.105,53,udp,1,1
10/21/13,8:45:28,,147.32.83.53,39241,,147.32.80.105,53,udp,1,1
10/21/13,8:45:28,,147.32.83.53,5629,,147.32.80.105,53,udp,1,1
10/21/13,8:45:28,,147.32.83.53,15875,,147.32.80.105,53,udp,1,1
10/21/13,8:45:28,,147.32.83.53,7885,,147.32.80.105,53,udp,1,1
10/21/13,8:45:28,,147.32.83.53,18895,,147.32.80.105,53,udp,1,1
10/21/13,8:45:29,,147.32.83.53,21793,,147.32.80.105,53,udp,1,1
10/21/13,8:45:31,,147.32.83.53,57794,,147.32.80.105,53,udp,1,1
10/21/13,8:45:31,,147.32.83.53,53340,,147.32.80.105,53,udp,1,1
10/21/13,8:45:33,,147.32.83.53,50946,,147.32.80.105,53,udp,1,1
10/21/13,8:45:37,,147.32.83.53,5176,,147.32.80.105,53,udp,1,1
10/21/13,8:46:15,,147.32.83.53,10266,,147.32.80.105,53,udp,1,1
10/21/13,8:48:47,,147.32.83.53,46947,,147.32.80.105,53,udp,1,1
10/21/13,8:48:49,,147.32.83.53,7995,,147.32.80.105,53,udp,1,1
10/21/13,8:48:54,,147.32.83.53,42229,,147.32.80.105,53,udp,1,1
10/21/13,8:48:54,,147.32.83.53,15254,,147.32.80.105,53,udp,1,1
10/21/13,8:48:55,,147.32.83.53,55301,,147.32.80.105,53,udp,1,1
10/21/13,8:48:55,,147.32.83.53,60867,,147.32.80.105,53,udp,1,1
10/21/13,8:48:55,,147.32.83.53,26212,,147.32.80.105,53,udp,1,1
10/21/13,8:48:55,,147.32.83.53,35436,,147.32.80.105,53,udp,1,1
10/21/13,8:48:55,,147.32.83.53,42487,,147.32.80.105,53,udp,1,1
10/21/13,8:48:55,,147.32.83.53,24184,,147.32.80.105,53,udp,1,1
10/21/13,8:48:55,,147.32.83.53,4768,,147.32.80.105,53,udp,1,1
10/21/13,8:48:55,,147.32.83.53,29059,,147.32.80.105,53,udp,1,1
10/21/13,8:48:55,,147.32.83.53,47125,,147.32.80.105,53,udp,1,1
10/21/13,8:48:55,,147.32.83.53,30395,,147.32.80.105,53,udp,1,1
10/21/13,8:48:55,,147.32.83.53,53179,,147.32.80.105,53,udp,1,1
10/21/13,8:48:56,,147.32.83.53,39241,,147.32.80.105,53,udp,1,1
10/21/13,8:48:56,,147.32.83.53,45663,,147.32.80.105,53,udp,1,1
10/21/13,8:48:56,,147.32.83.53,12523,,147.32.80.105,53,udp,1,1
10/21/13,8:48:56,,147.32.83.53,11017,,147.32.80.105,53,udp,1,1
10/21/13,8:48:56,,147.32.83.53,14953,,147.32.80.105,53,udp,1,1
10/21/13,8:48:56,,147.32.83.53,63974,,147.32.80.105,53,udp,1,1
10/21/13,8:48:56,,147.32.83.53,25456,,147.32.80.105,53,udp,1,1
10/21/13,8:49:18,,147.32.83.53,15115,,147.32.80.105,53,udp,1,1
10/21/13,8:51:10,,147.32.83.53,18449,,147.32.80.105,53,udp,1,1
10/21/13,8:51:24,,147.32.83.53,9489,,147.32.80.105,53,udp,1,1
10/21/13,8:52:35,,147.32.83.53,51493,,147.32.80.105,53,udp,1,1